movie1,movie2,screenshots
tt1798709,tt3716530,"0 2 11 14 17 18 22 28 29 30 32 37 38 39 46 49 50 51 58 60 61 62 66 68 69 73 75 77 78 79 85 86 90 92 93 94 95 96 98 99 100"
tt0054215,tt0155975,"0 1 5 7 8 9 14 15 17 21 24 26 27 29 31 32 37 38 39 42 43 45 46 47 48 49 54 56 57 59 60 61 62 65 68 70 71 73 74 79 80 84 88 89 90 91 92 95 98 99 103 104 106 108 111 112 113 114 116 117 118 119 123 125"
tt0363547,tt0077402,"1 2 8 9 10 11 12 14 15 20 22 28 29 30 31 32 33 36 38 41 42 43 45 46 49 50 51 52 59 60 62 63 64 68 69 70 72 75 76 78 79 81 83 84 85 87 88 89 90 92 93 100 102 103 104 105 107 108 110 111 112 113 120 126 127"
tt0103874,tt0021814,"1 2 5 7 10 14 16 19 20 21 24 25 26 28 32 34 36 37 39 40 41 42 44 46 47 55 56 57 58 59 60 61 62 65 66 70 71 73 74 76 77 80 83 84 86 87 88 91 94 97 101 102 105 106 107 108 113 114 115 117 118 119 122 124 126"
tt0069293,tt0307479,"3 4 8 9 13 15 19 21 22 23 27 28 29 30 33 34 35 36 38 40 42 43 44 45 48 51 54 56 62 65 66 67 69 70 71 72 73 74 77 78 79 80 81 83 85 87 89 90 92 93 95 96 98 101 102 106 108 111 113 115 116 118 120 121 123"
tt1014759,tt0043274,"0 1 7 8 11 12 14 15 16 18 20 21 23 24 26 28 31 32 35 38 39 41 42 44 47 50 51 54 55 56 57 58 59 61 62 64 69 72 73 74 77 79 84 85 86 88 91 93 95 98 101 102 106 107 109 111 112 113 116 118 120 122 123 126 127"
tt0067116,tt0081353,"0 2 4 6 7 11 15 17 18 19 21 23 24 27 28 29 32 33 34 37 39 44 47 51 52 57 60 61 62 63 66 67 68 69 71 72 75 78 79 81 84 86 88 90 91 95 97 98 99 102 106 107 108 110 111 112 113 114 118 119 120 122 123 124 128"
tt0130827,tt0082671,"5 6 13 15 16 18 23 28 29 31 32 33 34 35 36 38 42 44 47 48 51 53 54 55 56 57 64 66 68 69 73 76 82 91 92 94 99 100 102 104 107 109 111 113 115 119 120 127 131 133 134 136 138 139 141 144 151 155 158 159 160 163 164 165 167"
tt0130827,tt0055093,"1 2 3 4 30 39 43 46 49 50 58 59 62 65 72 75 78 80 86 87 90 93 95 96 98 108 116 121 122 124 126 129 142 146 147 152 154 156 157 161 166"
tt6155172,tt0069191,"0 2 3 5 6 13 19 20 21 23 24 25 26 28 29 31 33 34 35 36 38 40 41 44 51 53 55 56 57 58 59 61 66 68 72 73 75 76 77 82 83 84 86 88 89 90 92 93 94 95 97 99 100 101 102 103 104 106 108 109 110 111 113 115 116"
tt3774694,tt1541874,"1 2 3 4 5 6 11 13 14 16 17 18 19 21 22 25 26 27 29 30 32 33 35 36 39 40 43 45 46 47 50 52 56 58 59 62 64 66 67 70 71 72 74 76 77 80 86 89 90 95 100 103 106 108 110 112 113 117 119 120 122 125 126 127 128"
tt6738136,tt0102497,"2 3 5 6 10 11 16 18 20 22 23 24 26 27 29 30 32 39 40 42 43 44 46 48 51 52 56 61 63 65 68 69 72 73 74 75 76 77 78 79 81 82 84 87 88 90 92 94 99 100 101 102 103 104 106 108 110 111 113 114 117 120 123 124 125"
tt0800369,tt0079522,"0 1 4 6 8 9 11 12 16 19 21 24 25 29 36 40 41 43 44 45 47 49 50 51 55 56 60 61 63 64 68 69 70 71 74 76 77 78 80 81 82 83 85 86 88 89 94 96 97 98 99 100 101 102 107 109 111 112 116 117 118 123 125 126 129"
tt0360717,tt0024216,"0 1 2 3 5 6 7 8 10 11 13 16 19 21 22 23 24 28 29 31 35 36 37 39 42 43 44 47 53 55 56 58 59 61 67 70 72 73 74 75 80 82 84 88 90 91 92 95 97 99 100 103 106 107 109 111 112 114 115 116 118 121 124 125 127"
tt1104001,tt0084827,"1 2 3 8 10 11 12 13 14 16 18 19 20 21 22 23 26 27 28 32 34 35 36 37 38 39 40 41 43 45 52 55 57 58 59 60 63 64 65 66 80 81 82 84 85 88 90 94 96 102 104 105 106 110 113 118 120 121 122 "
tt1673434,tt1324999,"0 1 2 6 8 10 12 13 14 15 16 17 18 20 22 26 29 32 33 34 38 39 41 44 45 50 51 52 53 55 56 57 59 62 67 68 69 70 71 72 77 78 80 82 84 85 86 87 89 94 96 97 101 103 105 107 108 109 111 114 115 118 120 121 122"
tt1809398,tt0245171,"0 2 4 6 8 9 10 11 15 16 17 19 20 23 25 26 31 33 34 35 37 39 41 43 48 49 50 51 52 55 57 59 60 61 63 64 65 66 67 68 70 72 73 76 78 80 83 87 88 89 90 93 97 98 101 103 104 105 110 113 117 123 124 125 129"
tt0101540,tt0055824,"0 1 2 4 7 8 12 14 16 20 21 23 25 29 32 35 36 41 43 44 45 47 48 51 52 53 54 55 56 57 60 62 63 66 67 69 72 74 76 77 78 80 81 82 83 86 89 92 95 96 99 100 101 103 105 106 108 114 116 117 121 122 124 125"
tt0808279,tt0119167,"1 3 5 11 12 14 15 18 23 24 27 29 36 39 42 43 46 47 51 52 54 55 56 57 60 62 63 65 67 68 69 70 71 73 74 75 76 77 78 82 86 87 88 89 93 97 98 99 101 106 109 110 112 113 114 117 118 119 121 122"
tt0335345,tt0084481,"3 9 10 12 15 19 20 21 26 32 33 34 36 37 38 39 41 42 44 49 50 52 58 63 64 65 66 67 69 70 73 74 78 81 83 89 91 96 97 99 101 103 104 105 106 107 109 111 113 114"
tt5109784,tt1216496,"0 1 2 5 8 10 13 16 18 23 26 27 28 29 34 35 38 42 47 48 49 51 54 55 56 59 61 62 64 70 76 80 82 83 86 87 88 93 95 97 99 100 102 104 105 106 108 109 110 111 114 115 116"
tt1340800,tt0067866,"0 2 3 4 5 10 11 12 13 17 18 19 22 26 27 28 29 31 32 33 34 35 36 37 39 40 43 44 46 47 50 51 53 56 57 63 64 65 66 67 77 78 79 80 82 85 88 89 90 91 92 94 95 102 103 105 107 108 109 110 111 116 117 118 126"
tt1723811,tt0063611,"1 4 5 9 10 11 12 14 17 20 21 22 23 24 27 29 30 33 34 41 44 46 47 51 52 53 55 58 60 61 64 65 66 67 68 72 73 74 77 78 81 82 83 87 88 91 92 95 96 98 99 100 101 102 104 105 112 113 114 115 116 117 118 121 122"
tt0082517,tt1235170,"2 4 5 8 9 14 15 16 18 25 27 29 30 32 34 35 39 41 42 43 44 45 46 47 51 54 57 58 60 61 63 64 65 66 68 69 70 72 76 77 78 79 83 84 85 88 89 90 94 95 97 98 101 103 106 107 108 109 114 116 119 120 122 125 126"
tt0099253,tt8663516,"0 1 2 3 5 6 8 12 15 16 19 25 28 29 30 31 32 34 37 39 40 41 42 47 49 50 51 52 55 56 57 59 61 62 64 65 67 69 71 76 78 79 82 83 85 89 90 91 92 93 95 96 99 102 103 104 109 110 111 116 119 121 123 126 127"
tt0762073,tt0041998,"0 1 4 5 6 7 8 9 10 11 13 18 20 21 23 24 29 30 32 35 37 38 40 42 43 45 46 49 50 51 52 54 55 56 59 60 63 68 73 78 79 80 82 84 86 88 89 90 91 94 95 96 98 101 103 106 109 111 112 118 120 121 127"
tt5592248,tt0066819,"4 7 9 10 11 13 19 20 21 22 23 24 26 29 30 34 35 37 38 39 44 45 47 49 51 54 55 56 60 61 63 65 67 70 75 76 77 79 80 81 83 84 85 88 90 91 92 95 97 102 103 105 106 107 108"
tt2514338,tt0382357,"0 4 5 6 7 8 9 10 12 14 15 20 24 26 27 28 30 36 37 38 39 44 49 52 55 56 57 58 60 62 63 64 65 66 68 69 70 71 72 73 74 76 78 80 81 82 83 88 89 91 92 94 96 98 99 100 101 102 103 104 107 109 110 111 112"
tt0088763,tt0096874,"3 6 7 9 14 15 20 21 22 24 26 27 28 30 32 35 36 39 40 42 43 45 47 49 50 52 56 57 61 62 66 68 69 70 71 72 73 76 77 78 81 85 93 98 99 101 102 103 104 108 109 110 111 116 117 118 119 121 122 123 124 125 126 127 128"
tt1302006,tt0047114,"8 13 14 18 21 30 33 34 38 41 42 43 46 48 49 50 55 58 59 60 61 64 66 67 71 74 76 77 78 84 85 86 90 94"
